<?xml version="1.0" encoding="UTF-8"?>
<InstallationPackage FormatVersion="8.0">
  <Product License="Required" AppClass="Server">
    <Release Version="8.1.103.70" BuildDate="2019-11-08" BuildNumber="1" Type="Update"/>
    <Name>
      <Long>SIP Server</Long>
      <Nickname>TSrvSIP64</Nickname>
    </Name>
    <Language LocaleId="ENU">
      <Name>English (United States)</Name>
    </Language>
    <Description>
      SIP Server provides access to SIP Communications Networks
      for Genesys Applications. It is a T-Server and a call
      switch component in one.
    </Description>
    <ReleaseNotes Place="Web" WebDBId="." FileName="release_notes.html"/>
  </Product>
  <Platforms OSGroupName="windows">
    <Computer Type="Intel EM64T">
      <OS Name="Windows Server 2008" CfgOSType="17"/>
      <OS Name="Windows Server 2012" CfgOSType="17"/>
      <OS Name="Windows Server 2016" CfgOSType="17"/>
    </Computer>
  </Platforms>
  <AppTemplates>
    <Template Name="TServer_SIPPremise_811"
              FileName="TServer_SIPPremise_811.apd"
              CfgAppType="1" CfgSwitchType="72" CfgCTILinkType="1"
              AppMetadata="TServer_SIPPremise_811.xml"/>
  </AppTemplates>
  <InstallationPgm>
    <Release Version="8.5.003.00" Date="2019-08-02"/>
    <Name>
      <Long>Genesys Typical Multi-Instance Server Installation Project</Long>
      <Nickname>TMultiInstServer</Nickname>
    </Name>
    <Language LocaleId="ENU">
      <Name>English (United States)</Name>
    </Language>
  </InstallationPgm>
</InstallationPackage>
